{"cameraMode":{"drawMode":0,"name":"Shaded","section":"Shading Mode"},"sceneLighting":true,"audioPlay":false,"sceneViewState":{"showFog":true,"showMaterialUpdate":true,"showSkybox":true,"showFlares":true,"showImageEffects":true,"showParticleSystems":true},"in2DMode":false,"pivot":{"x":-5.731907844543457,"y":-3.829178810119629,"z":18.766149520874025},"rotation":{"x":0.09769390523433685,"y":-0.1308639645576477,"z":0.012960146181285382,"w":0.98649001121521},"size":22.0,"orthographic":false}